{"objs": [{"name": "person", "box": [4, 0, 264, 460], "conf": 0.9804487824440002}, {"name": "person", "box": [570, 12, 720, 450], "conf": 0.948943555355072}, {"name": "person", "box": [318, 241, 369, 317], "conf": 0.42792990803718567}, {"name": "tv", "box": [281, 192, 551, 435], "conf": 0.09127289056777954}], "words": [{"str": "the", "box": [332, 349, 400, 374], "conf": 0.23490303754806519}] }