{"objs": [{"name": "person", "box": [13, 57, 332, 460], "conf": 0.9994502663612366}, {"name": "person", "box": [343, 12, 709, 460], "conf": 0.9982320666313171}, {"name": "chair", "box": [257, 193, 476, 455], "conf": 0.619713544845581}, {"name": "person", "box": [469, 50, 693, 452], "conf": 0.6094760298728943}], "words": [] }