{"objs": [{"name": "person", "box": [299, 165, 361, 268], "conf": 0.7444062829017639}, {"name": "tv", "box": [192, 82, 676, 448], "conf": 0.5185256600379944}], "words": [] }