{"objs": [{"name": "person", "box": [4, 0, 233, 458], "conf": 0.7729767560958862}, {"name": "person", "box": [330, 212, 386, 299], "conf": 0.6027548909187317}, {"name": "tv", "box": [281, 153, 614, 434], "conf": 0.10336516797542572}], "words": [] }