{"objs": [{"name": "person", "box": [533, 0, 720, 460], "conf": 0.9933936595916748}, {"name": "person", "box": [1, 23, 270, 448], "conf": 0.9840344190597534}, {"name": "tv", "box": [253, 204, 521, 441], "conf": 0.7099231481552124}], "words": [] }