{"objs": [{"name": "person", "box": [469, 37, 715, 460], "conf": 0.9991291761398315}, {"name": "person", "box": [1, 53, 278, 460], "conf": 0.9982544183731079}, {"name": "tv", "box": [255, 198, 503, 422], "conf": 0.38635680079460144}, {"name": "chair", "box": [261, 210, 508, 449], "conf": 0.24801219999790192}], "words": [] }