{"objs": [{"name": "person", "box": [14, 62, 343, 460], "conf": 0.9993551969528198}, {"name": "person", "box": [457, 41, 718, 455], "conf": 0.9993455410003662}, {"name": "chair", "box": [263, 206, 488, 451], "conf": 0.6698632836341858}, {"name": "tv", "box": [259, 204, 459, 409], "conf": 0.5917947888374329}], "words": [] }