{"objs": [{"name": "person", "box": [495, 3, 720, 460], "conf": 0.9997202754020691}, {"name": "person", "box": [3, 32, 282, 453], "conf": 0.9951691627502441}, {"name": "chair", "box": [264, 216, 539, 449], "conf": 0.5930386781692505}, {"name": "tv", "box": [261, 204, 513, 426], "conf": 0.1614254117012024}], "words": [] }