{"objs": [{"name": "person", "box": [249, 143, 315, 255], "conf": 0.9452680945396423}, {"name": "tv", "box": [157, 38, 638, 440], "conf": 0.7307471036911011}], "words": [{"str": "on", "box": [408, 272, 424, 277], "conf": 0.19180816411972046}, {"str": "07:07", "box": [470, 304, 489, 313], "conf": 0.20221243798732758}, {"str": "X11,", "box": [457, 305, 470, 313], "conf": 0.2043779492378235}] }